[
    {
        "embed": {
            "description": "This is a youtube channel that provides high quality reddit content. Videos are uploaded regularly so you are never out of funny, interesting or even creepy content!",
            "color": 15114050,
            "footer": {
                "icon_url": "https://i.imgur.com/fvNKUks.png",
                "text": "I am a robot, son of Daniel (UK)"
            },
            "thumbnail": {
                "url": "https://i.imgur.com/WyzaPKY.png"
            },
            "author": {
                "name": "Sir Reddit",
                "url": "https://www.youtube.com/channel/UCgSmBJD9imASmJRleycTCwQ?sub_confirmation=1",
                "icon_url": "https://i.imgur.com/WyzaPKY.png"
            },
            "fields": [
                {
                    "name": "Subscribe!",
                    "value": "[**Click Here**](https://www.youtube.com/channel/UCgSmBJD9imASmJRleycTCwQ?sub_confirmation=1)"
                },
                {
                    "name": "Discord Server",
                    "value": "[**Click Here**](https://discord.gg/V8ErqHb)"
                }
            ]
        }
    },
    {
        "embed": {
            "title": "Berkand Karadere",
            "description": "Berkand Karadere is an German Community Manager who integrated new systems into the game industry. He also is hosting and developing web servers and game servers. He also plays American Football for the Dortmund Giants and his journey has just begun.",
            "color": 2968248,
            "thumbnail": {
                "url": "https://i.imgur.com/cs2QEcp.png"
            },
            "fields": [
                {
                    "name": "Discord Server",
                    "value": "[**Click here**](https://discord.gg/BanCwptMJV)"
                }
            ]
        }
    },
    {
        "embed": {
            "description": "Quality Hosting at Prices You Deserve!",
            "color": 3137203,
            "footer": {
                "icon_url": "https://primeserversinc.com/images/Prime_Logo_P_Sassy.png",
                "text": "Prime Servers, Inc."
            },
            "thumbnail": {
                "url": "https://primeserversinc.com/images/Prime_Logo_P_Sassy.png"
            },
            "author": {
                "name": "Prime Servers, Inc.",
                "url": "https://primeserversinc.com",
                "icon_url": "https://primeserversinc.com/images/Prime_Logo_P_Sassy.png"
            },
            "fields": [
                {
                    "name": "Twitter",
                    "value": "[**Click Here**](https://twitter.com/PrimeServersInc)"
                },
                {
                    "name": "Discord Server",
                    "value": "[**Click Here**](https://discord.gg/cYM6Urn)"
                }
            ]
        }
    },
    {
        "embed": {
            "description": "──── 《𝐃𝐢𝐬𝐜𝐨𝐫𝐝 𝐀𝐝𝐯𝐢𝐜𝐞 𝐂𝐞𝐧𝐭𝐞𝐫 》 ────\n\n◈ We are a server aimed to meet your discord needs. We have tools, tricks and tips to grow your server and advertise your server. We offer professional server reviews and suggestions how to run it successfully as a part of our courtesy. Join the server and get the chance to add our very own BUMP BOT called DAC Advertise where you can advertise your server to other servers!\n",
            "color": 53380,
            "author": {
                "name": "Discord Advice Center",
                "url": "https://discord.gg/nkMDQfuK",
                "icon_url": "https://i.imgur.com/cjVtRw5.jpg"
            },
            "image": {
                "url": "https://i.imgur.com/1hrjcHd.png"
            },
            "fields": [
                {
                    "name": "Discord Server",
                    "value": "[**Click Here**](https://discord.gg/zmwZy5fd9v)"
                }
            ]
        }
    },
    {
        "embed": {
            "title": "Advertise Your Server",
            "description": "Advertise Your Server is the leading advertising and growth Discord Server. With over 60,000 members we can help grow your community with our range of services.\n\n__**Advertise Your Server offers everything you need to grow and find servers:**__\n\n:chart_with_upwards_trend: **Discord Growth Experts** to give you advice on how to __grow your server.__ (server/advert reviews, growth tips)\n:dividers: Over 40 different channels for **different server categories.**\n:robot: Our own __custom__ **bump bot.** (Liam)\n:bar_chart: Currently the __BIGGEST__ advertising server on Discord.\n:computer: Our own server __Listing Site__!\n:ticket: Small Servers Program for servers with less than 300 members.\n:dvd: Weekly Podcast, Blog, Email Newsletter and YouTube Tutorials. \n\nhttps://discord.gg/zP8KcF4VQz\nhttps://aysdiscord.com",
            "author": {
                "name": "Advertise Your Server",
                "icon_url": "https://cdn.discordapp.com/attachments/563522692418895872/907067815486427176/logo4.png"
            },
            "color": 431075,
            "footer": {
                "text": "Grow Your Discord Server"
            },
            "image": {
                "url": "https://cdn.discordapp.com/attachments/472811257913933834/907068966311166043/unknown_2.png"
            }
        }
    },
    {
        "embed": {
            "footer": {
                "text": "Join noch heute!"
            },
            "thumbnail": {
                "url": "https://i.imgur.com/bp0xfyK.png"
            },
            "fields": [
                {
                    "inline": false,
                    "name": "Viele Verschiedene Talks",
                    "value": "Gro\u00dfe Community\nGewinnspiele"
                }
            ],
            "color": 61532,
            "description": "Die etwas andere Community",
            "url": "https://discord.gg/uncommon",
            "title": "uncommon community"
        }
    },
    {
        "embed": {
            "author": {
                "name": "Help us • Help Others"
            },
            "title": "Join Today",
            "url": "https://discord.gg/5yQCFzY6HU",
            "description": "At Help Us • Help Others, we accept as true with inside the transformative electricity of cooperation and kindness. Each one people has the capability to make a meaningful impact by means of helping and caring for others. Whether you want assistance or want to offer it, this is the right region for you!",
            "fields": [
                {
                    "name": "What we offer:",
                    "value": "`🎬` - Active community\n`👮` - Active staff around the globe! \n`🛜` - 40+ Advertising channels to grow your socials!\n`💎` - Boosting Perks\n`🎉` - Event's monthly especially bank holiday roles!!\n`🔢` - Unique levelling systems\n`📞` - Multiple voice channels including gaming!\n`🎁` - Exclusive giveaways!"
                },
                {
                    "name": "We Are Hiring",
                    "value": "`🔵` - Moderators\n`🔵` - Human Resources\n`🔵` - Community Team\n`🔵` - Partnership Manager\n`🔵` - Growth Manager\n`🚀` Much more to come!\n\n\nJoin Today!"
                }
            ],
            "image": {
                "url": "https://cdn.discordapp.com/attachments/1218338794416246874/1243635366326567002/AD_animated.gif"
            },
            "color": 45300,
            "footer": {
                "text": "Help Us • Help Others"
            }
        }
    },
    {
        "embed": {
            "description": "> Be apart of our community as we start to grow! and embark on a long journey.\n——————————————————-\n**What we offer?**\n\n➺〚🖌️〛Custom Liveries \n➺〚❤️〛Friendly and Growing community.\n➺〚🤝〛Partnerships.\n➺〚🎮〛Daily SSUs. \n➺〚🚨〛Great roleplays.\n➺〚💬〛Kind and Professional staff\n➺〚🎉〛Giveaways!!! \n——————————————————-\n**Emergency Services**\n\n➺〚🚔〛NY Police Force\n➺〚🚒〛Fire & Emergency NY\n➺〚🚧〛NY department of transportation \n\n——————————————————-\n**Whitelisted**\nComing soon!\n——————————————————-\n**What are we looking for!**\n\n➺〚💬〛More members\n➺〚⭐〛Staff Members - **WE'RE HIRING!**\n➺〚🤝〛Partnerships\n➺〚💎〛Boosters\n——————————————————\n\n**[Join now](https://discord.com/invite/qt62qSnKVa)**",
            "author": {
                "name": "New York Roleplay",
                "icon_url": "https://cdn.discordapp.com/icons/1172553254882775111/648d5bc50393a21216527a1aaa61286d.webp"
            },
            "color": 431075,
            "thumbnail": {
                "url": "https://cdn.discordapp.com/icons/1172553254882775111/648d5bc50393a21216527a1aaa61286d.webp"
            }
        }
    }
]
